cnrfc_nws_id,cdec_ids,has_cnrfc_inflow,has_cnrfc_ensemble,has_cnrfc_release,cnrfc_obs_url,cnrfc_inflow_url,cnrfc_ensemble_url,cnrfc_release_url,cnrfc_inflow_source_url,cnrfc_ensemble_source_url,cnrfc_release_source_url,availability_build_time_utc,availability_parser_note
ANDC1,LRA,TRUE,TRUE,TRUE,https://www.cnrfc.noaa.gov/obsRiver_hc.php?id=ANDC1,https://www.cnrfc.noaa.gov/reservoir.php?id=ANDC1,https://www.cnrfc.noaa.gov/ensembleProduct.php?id=ANDC1&prodID=3,https://www.cnrfc.noaa.gov/reservoirRelease.php?id=ANDC1,https://www.cnrfc.noaa.gov/reservoir.php?id=ANTC1,https://www.cnrfc.noaa.gov/ensembleProduct.php?id=ANTC1&prodID=3,https://www.cnrfc.noaa.gov/reservoirRelease.php?id=KWKC1,2026-05-26T16:34:33Z,IDs extracted from visible CNRFC Location block and intersected with BRIM CDEC-CNRFC station index.
ANOC1,SAT,TRUE,TRUE,FALSE,https://www.cnrfc.noaa.gov/obsRiver_hc.php?id=ANOC1,https://www.cnrfc.noaa.gov/reservoir.php?id=ANOC1,https://www.cnrfc.noaa.gov/ensembleProduct.php?id=ANOC1&prodID=3,,https://www.cnrfc.noaa.gov/reservoir.php?id=ANTC1,https://www.cnrfc.noaa.gov/ensembleProduct.php?id=ANTC1&prodID=3,https://www.cnrfc.noaa.gov/reservoirRelease.php?id=KWKC1,2026-05-26T16:34:33Z,IDs extracted from visible CNRFC Location block and intersected with BRIM CDEC-CNRFC station index.
ANTC1,ANT,TRUE,TRUE,FALSE,https://www.cnrfc.noaa.gov/obsRiver_hc.php?id=ANTC1,https://www.cnrfc.noaa.gov/reservoir.php?id=ANTC1,https://www.cnrfc.noaa.gov/ensembleProduct.php?id=ANTC1&prodID=3,,https://www.cnrfc.noaa.gov/reservoir.php?id=ANTC1,https://www.cnrfc.noaa.gov/ensembleProduct.php?id=ANTC1&prodID=3,https://www.cnrfc.noaa.gov/reservoirRelease.php?id=KWKC1,2026-05-26T16:34:33Z,IDs extracted from visible CNRFC Location block and intersected with BRIM CDEC-CNRFC station index.
BCKC1,BAR,TRUE,TRUE,FALSE,https://www.cnrfc.noaa.gov/obsRiver_hc.php?id=BCKC1,https://www.cnrfc.noaa.gov/reservoir.php?id=BCKC1,https://www.cnrfc.noaa.gov/ensembleProduct.php?id=BCKC1&prodID=3,,https://www.cnrfc.noaa.gov/reservoir.php?id=ANTC1,https://www.cnrfc.noaa.gov/ensembleProduct.php?id=ANTC1&prodID=3,https://www.cnrfc.noaa.gov/reservoirRelease.php?id=KWKC1,2026-05-26T16:34:33Z,IDs extracted from visible CNRFC Location block and intersected with BRIM CDEC-CNRFC station index.
BCTC1,BIL,FALSE,FALSE,FALSE,https://www.cnrfc.noaa.gov/obsRiver_hc.php?id=BCTC1,,,,https://www.cnrfc.noaa.gov/reservoir.php?id=ANTC1,https://www.cnrfc.noaa.gov/ensembleProduct.php?id=ANTC1&prodID=3,https://www.cnrfc.noaa.gov/reservoirRelease.php?id=KWKC1,2026-05-26T16:34:33Z,IDs extracted from visible CNRFC Location block and intersected with BRIM CDEC-CNRFC station index.
BCVC1,BOC,FALSE,FALSE,TRUE,https://www.cnrfc.noaa.gov/obsRiver_hc.php?id=BCVC1,,,https://www.cnrfc.noaa.gov/reservoirRelease.php?id=BCVC1,https://www.cnrfc.noaa.gov/reservoir.php?id=ANTC1,https://www.cnrfc.noaa.gov/ensembleProduct.php?id=ANTC1&prodID=3,https://www.cnrfc.noaa.gov/reservoirRelease.php?id=KWKC1,2026-05-26T16:34:33Z,IDs extracted from visible CNRFC Location block and intersected with BRIM CDEC-CNRFC station index.
BESC1,BRD,FALSE,FALSE,FALSE,https://www.cnrfc.noaa.gov/obsRiver_hc.php?id=BESC1,,,,https://www.cnrfc.noaa.gov/reservoir.php?id=ANTC1,https://www.cnrfc.noaa.gov/ensembleProduct.php?id=ANTC1&prodID=3,https://www.cnrfc.noaa.gov/reservoirRelease.php?id=KWKC1,2026-05-26T16:34:33Z,IDs extracted from visible CNRFC Location block and intersected with BRIM CDEC-CNRFC station index.
BHKC1,BHC,FALSE,FALSE,FALSE,https://www.cnrfc.noaa.gov/obsRiver_hc.php?id=BHKC1,,,,https://www.cnrfc.noaa.gov/reservoir.php?id=ANTC1,https://www.cnrfc.noaa.gov/ensembleProduct.php?id=ANTC1&prodID=3,https://www.cnrfc.noaa.gov/reservoirRelease.php?id=KWKC1,2026-05-26T16:34:33Z,IDs extracted from visible CNRFC Location block and intersected with BRIM CDEC-CNRFC station index.
BHNC1,BUC,TRUE,TRUE,TRUE,https://www.cnrfc.noaa.gov/obsRiver_hc.php?id=BHNC1,https://www.cnrfc.noaa.gov/reservoir.php?id=BHNC1,https://www.cnrfc.noaa.gov/ensembleProduct.php?id=BHNC1&prodID=3,https://www.cnrfc.noaa.gov/reservoirRelease.php?id=BHNC1,https://www.cnrfc.noaa.gov/reservoir.php?id=ANTC1,https://www.cnrfc.noaa.gov/ensembleProduct.php?id=ANTC1&prodID=3,https://www.cnrfc.noaa.gov/reservoirRelease.php?id=KWKC1,2026-05-26T16:34:33Z,IDs extracted from visible CNRFC Location block and intersected with BRIM CDEC-CNRFC station index.
BLBC1,BLB,TRUE,TRUE,TRUE,https://www.cnrfc.noaa.gov/obsRiver_hc.php?id=BLBC1,https://www.cnrfc.noaa.gov/reservoir.php?id=BLBC1,https://www.cnrfc.noaa.gov/ensembleProduct.php?id=BLBC1&prodID=3,https://www.cnrfc.noaa.gov/reservoirRelease.php?id=BLBC1,https://www.cnrfc.noaa.gov/reservoir.php?id=ANTC1,https://www.cnrfc.noaa.gov/ensembleProduct.php?id=ANTC1&prodID=3,https://www.cnrfc.noaa.gov/reservoirRelease.php?id=KWKC1,2026-05-26T16:34:33Z,IDs extracted from visible CNRFC Location block and intersected with BRIM CDEC-CNRFC station index.
BNCC1,BUR,TRUE,TRUE,FALSE,https://www.cnrfc.noaa.gov/obsRiver_hc.php?id=BNCC1,https://www.cnrfc.noaa.gov/reservoir.php?id=BNCC1,https://www.cnrfc.noaa.gov/ensembleProduct.php?id=BNCC1&prodID=3,,https://www.cnrfc.noaa.gov/reservoir.php?id=ANTC1,https://www.cnrfc.noaa.gov/ensembleProduct.php?id=ANTC1&prodID=3,https://www.cnrfc.noaa.gov/reservoirRelease.php?id=KWKC1,2026-05-26T16:34:33Z,IDs extracted from visible CNRFC Location block and intersected with BRIM CDEC-CNRFC station index.
BPLC1,ISB,FALSE,FALSE,FALSE,https://www.cnrfc.noaa.gov/obsRiver_hc.php?id=BPLC1,,,,https://www.cnrfc.noaa.gov/reservoir.php?id=ANTC1,https://www.cnrfc.noaa.gov/ensembleProduct.php?id=ANTC1&prodID=3,https://www.cnrfc.noaa.gov/reservoirRelease.php?id=KWKC1,2026-05-26T16:34:33Z,IDs extracted from visible CNRFC Location block and intersected with BRIM CDEC-CNRFC station index.
BPRC1,BDP,TRUE,TRUE,TRUE,https://www.cnrfc.noaa.gov/obsRiver_hc.php?id=BPRC1,https://www.cnrfc.noaa.gov/reservoir.php?id=BPRC1,https://www.cnrfc.noaa.gov/ensembleProduct.php?id=BPRC1&prodID=3,https://www.cnrfc.noaa.gov/reservoirRelease.php?id=BPRC1,https://www.cnrfc.noaa.gov/reservoir.php?id=ANTC1,https://www.cnrfc.noaa.gov/ensembleProduct.php?id=ANTC1&prodID=3,https://www.cnrfc.noaa.gov/reservoirRelease.php?id=KWKC1,2026-05-26T16:34:33Z,IDs extracted from visible CNRFC Location block and intersected with BRIM CDEC-CNRFC station index.
BRTC1,BRT,TRUE,TRUE,FALSE,https://www.cnrfc.noaa.gov/obsRiver_hc.php?id=BRTC1,https://www.cnrfc.noaa.gov/reservoir.php?id=BRTC1,https://www.cnrfc.noaa.gov/ensembleProduct.php?id=BRTC1&prodID=3,,https://www.cnrfc.noaa.gov/reservoir.php?id=ANTC1,https://www.cnrfc.noaa.gov/ensembleProduct.php?id=ANTC1&prodID=3,https://www.cnrfc.noaa.gov/reservoirRelease.php?id=KWKC1,2026-05-26T16:34:33Z,IDs extracted from visible CNRFC Location block and intersected with BRIM CDEC-CNRFC station index.
BWKC1,BWN,TRUE,TRUE,FALSE,https://www.cnrfc.noaa.gov/obsRiver_hc.php?id=BWKC1,https://www.cnrfc.noaa.gov/reservoir.php?id=BWKC1,https://www.cnrfc.noaa.gov/ensembleProduct.php?id=BWKC1&prodID=3,,https://www.cnrfc.noaa.gov/reservoir.php?id=ANTC1,https://www.cnrfc.noaa.gov/ensembleProduct.php?id=ANTC1&prodID=3,https://www.cnrfc.noaa.gov/reservoirRelease.php?id=KWKC1,2026-05-26T16:34:33Z,IDs extracted from visible CNRFC Location block and intersected with BRIM CDEC-CNRFC station index.
CADC1,CRO,TRUE,TRUE,FALSE,https://www.cnrfc.noaa.gov/obsRiver_hc.php?id=CADC1,https://www.cnrfc.noaa.gov/reservoir.php?id=CADC1,https://www.cnrfc.noaa.gov/ensembleProduct.php?id=CADC1&prodID=3,,https://www.cnrfc.noaa.gov/reservoir.php?id=ANTC1,https://www.cnrfc.noaa.gov/ensembleProduct.php?id=ANTC1&prodID=3,https://www.cnrfc.noaa.gov/reservoirRelease.php?id=KWKC1,2026-05-26T16:34:33Z,IDs extracted from visible CNRFC Location block and intersected with BRIM CDEC-CNRFC station index.
CBAC1,CBR,FALSE,TRUE,FALSE,https://www.cnrfc.noaa.gov/obsRiver_hc.php?id=CBAC1,,https://www.cnrfc.noaa.gov/ensembleProduct.php?id=CBAC1&prodID=3,,https://www.cnrfc.noaa.gov/reservoir.php?id=ANTC1,https://www.cnrfc.noaa.gov/ensembleProduct.php?id=ANTC1&prodID=3,https://www.cnrfc.noaa.gov/reservoirRelease.php?id=KWKC1,2026-05-26T16:34:33Z,IDs extracted from visible CNRFC Location block and intersected with BRIM CDEC-CNRFC station index.
CBRC1,EJC,TRUE,TRUE,TRUE,https://www.cnrfc.noaa.gov/obsRiver_hc.php?id=CBRC1,https://www.cnrfc.noaa.gov/reservoir.php?id=CBRC1,https://www.cnrfc.noaa.gov/ensembleProduct.php?id=CBRC1&prodID=3,https://www.cnrfc.noaa.gov/reservoirRelease.php?id=CBRC1,https://www.cnrfc.noaa.gov/reservoir.php?id=ANTC1,https://www.cnrfc.noaa.gov/ensembleProduct.php?id=ANTC1&prodID=3,https://www.cnrfc.noaa.gov/reservoirRelease.php?id=KWKC1,2026-05-26T16:34:33Z,IDs extracted from visible CNRFC Location block and intersected with BRIM CDEC-CNRFC station index.
CCAC1,CCH,FALSE,FALSE,FALSE,https://www.cnrfc.noaa.gov/obsRiver_hc.php?id=CCAC1,,,,https://www.cnrfc.noaa.gov/reservoir.php?id=ANTC1,https://www.cnrfc.noaa.gov/ensembleProduct.php?id=ANTC1&prodID=3,https://www.cnrfc.noaa.gov/reservoirRelease.php?id=KWKC1,2026-05-26T16:34:33Z,IDs extracted from visible CNRFC Location block and intersected with BRIM CDEC-CNRFC station index.
CDWC1,HNN,FALSE,FALSE,FALSE,https://www.cnrfc.noaa.gov/obsRiver_hc.php?id=CDWC1,,,,https://www.cnrfc.noaa.gov/reservoir.php?id=ANTC1,https://www.cnrfc.noaa.gov/ensembleProduct.php?id=ANTC1&prodID=3,https://www.cnrfc.noaa.gov/reservoirRelease.php?id=KWKC1,2026-05-26T16:34:33Z,IDs extracted from visible CNRFC Location block and intersected with BRIM CDEC-CNRFC station index.
CEGC1,CLE,TRUE,TRUE,FALSE,https://www.cnrfc.noaa.gov/obsRiver_hc.php?id=CEGC1,https://www.cnrfc.noaa.gov/reservoir.php?id=CEGC1,https://www.cnrfc.noaa.gov/ensembleProduct.php?id=CEGC1&prodID=3,,https://www.cnrfc.noaa.gov/reservoir.php?id=ANTC1,https://www.cnrfc.noaa.gov/ensembleProduct.php?id=ANTC1&prodID=3,https://www.cnrfc.noaa.gov/reservoirRelease.php?id=KWKC1,2026-05-26T16:34:33Z,IDs extracted from visible CNRFC Location block and intersected with BRIM CDEC-CNRFC station index.
CFWC1,CFW,TRUE,TRUE,TRUE,https://www.cnrfc.noaa.gov/obsRiver_hc.php?id=CFWC1,https://www.cnrfc.noaa.gov/reservoir.php?id=CFWC1,https://www.cnrfc.noaa.gov/ensembleProduct.php?id=CFWC1&prodID=3,https://www.cnrfc.noaa.gov/reservoirRelease.php?id=CFWC1,https://www.cnrfc.noaa.gov/reservoir.php?id=ANTC1,https://www.cnrfc.noaa.gov/ensembleProduct.php?id=ANTC1&prodID=3,https://www.cnrfc.noaa.gov/reservoirRelease.php?id=KWKC1,2026-05-26T16:34:33Z,IDs extracted from visible CNRFC Location block and intersected with BRIM CDEC-CNRFC station index.
CGSC1,CGS,FALSE,FALSE,FALSE,https://www.cnrfc.noaa.gov/obsRiver_hc.php?id=CGSC1,,,,https://www.cnrfc.noaa.gov/reservoir.php?id=ANTC1,https://www.cnrfc.noaa.gov/ensembleProduct.php?id=ANTC1&prodID=3,https://www.cnrfc.noaa.gov/reservoirRelease.php?id=KWKC1,2026-05-26T16:34:33Z,IDs extracted from visible CNRFC Location block and intersected with BRIM CDEC-CNRFC station index.
CHVC1,CHV,TRUE,TRUE,FALSE,https://www.cnrfc.noaa.gov/obsRiver_hc.php?id=CHVC1,https://www.cnrfc.noaa.gov/reservoir.php?id=CHVC1,https://www.cnrfc.noaa.gov/ensembleProduct.php?id=CHVC1&prodID=3,,https://www.cnrfc.noaa.gov/reservoir.php?id=ANTC1,https://www.cnrfc.noaa.gov/ensembleProduct.php?id=ANTC1&prodID=3,https://www.cnrfc.noaa.gov/reservoirRelease.php?id=KWKC1,2026-05-26T16:34:33Z,IDs extracted from visible CNRFC Location block and intersected with BRIM CDEC-CNRFC station index.
CLKC1,CLA,TRUE,TRUE,TRUE,https://www.cnrfc.noaa.gov/obsRiver_hc.php?id=CLKC1,https://www.cnrfc.noaa.gov/reservoir.php?id=CLKC1,https://www.cnrfc.noaa.gov/ensembleProduct.php?id=CLKC1&prodID=3,https://www.cnrfc.noaa.gov/reservoirRelease.php?id=CLKC1,https://www.cnrfc.noaa.gov/reservoir.php?id=ANTC1,https://www.cnrfc.noaa.gov/ensembleProduct.php?id=ANTC1&prodID=3,https://www.cnrfc.noaa.gov/reservoirRelease.php?id=KWKC1,2026-05-26T16:34:33Z,IDs extracted from visible CNRFC Location block and intersected with BRIM CDEC-CNRFC station index.
CMCC1,CMN,FALSE,FALSE,TRUE,https://www.cnrfc.noaa.gov/obsRiver_hc.php?id=CMCC1,,,https://www.cnrfc.noaa.gov/reservoirRelease.php?id=CMCC1,https://www.cnrfc.noaa.gov/reservoir.php?id=ANTC1,https://www.cnrfc.noaa.gov/ensembleProduct.php?id=ANTC1&prodID=3,https://www.cnrfc.noaa.gov/reservoirRelease.php?id=KWKC1,2026-05-26T16:34:33Z,IDs extracted from visible CNRFC Location block and intersected with BRIM CDEC-CNRFC station index.
CMPC1,PAR,TRUE,TRUE,FALSE,https://www.cnrfc.noaa.gov/obsRiver_hc.php?id=CMPC1,https://www.cnrfc.noaa.gov/reservoir.php?id=CMPC1,https://www.cnrfc.noaa.gov/ensembleProduct.php?id=CMPC1&prodID=3,,https://www.cnrfc.noaa.gov/reservoir.php?id=ANTC1,https://www.cnrfc.noaa.gov/ensembleProduct.php?id=ANTC1&prodID=3,https://www.cnrfc.noaa.gov/reservoirRelease.php?id=KWKC1,2026-05-26T16:34:33Z,IDs extracted from visible CNRFC Location block and intersected with BRIM CDEC-CNRFC station index.
COYC1,CYC,TRUE,TRUE,TRUE,https://www.cnrfc.noaa.gov/obsRiver_hc.php?id=COYC1,https://www.cnrfc.noaa.gov/reservoir.php?id=COYC1,https://www.cnrfc.noaa.gov/ensembleProduct.php?id=COYC1&prodID=3,https://www.cnrfc.noaa.gov/reservoirRelease.php?id=COYC1,https://www.cnrfc.noaa.gov/reservoir.php?id=ANTC1,https://www.cnrfc.noaa.gov/ensembleProduct.php?id=ANTC1&prodID=3,https://www.cnrfc.noaa.gov/reservoirRelease.php?id=KWKC1,2026-05-26T16:34:33Z,IDs extracted from visible CNRFC Location block and intersected with BRIM CDEC-CNRFC station index.
CPNC1,ELC,FALSE,FALSE,FALSE,https://www.cnrfc.noaa.gov/obsRiver_hc.php?id=CPNC1,,,,https://www.cnrfc.noaa.gov/reservoir.php?id=ANTC1,https://www.cnrfc.noaa.gov/ensembleProduct.php?id=ANTC1&prodID=3,https://www.cnrfc.noaa.gov/reservoirRelease.php?id=KWKC1,2026-05-26T16:34:33Z,IDs extracted from visible CNRFC Location block and intersected with BRIM CDEC-CNRFC station index.
CPZC1,CPL,FALSE,FALSE,FALSE,https://www.cnrfc.noaa.gov/obsRiver_hc.php?id=CPZC1,,,,https://www.cnrfc.noaa.gov/reservoir.php?id=ANTC1,https://www.cnrfc.noaa.gov/ensembleProduct.php?id=ANTC1&prodID=3,https://www.cnrfc.noaa.gov/reservoirRelease.php?id=KWKC1,2026-05-26T16:34:33Z,IDs extracted from visible CNRFC Location block and intersected with BRIM CDEC-CNRFC station index.
CSKC1,CAS,TRUE,TRUE,TRUE,https://www.cnrfc.noaa.gov/obsRiver_hc.php?id=CSKC1,https://www.cnrfc.noaa.gov/reservoir.php?id=CSKC1,https://www.cnrfc.noaa.gov/ensembleProduct.php?id=CSKC1&prodID=3,https://www.cnrfc.noaa.gov/reservoirRelease.php?id=CSKC1,https://www.cnrfc.noaa.gov/reservoir.php?id=ANTC1,https://www.cnrfc.noaa.gov/ensembleProduct.php?id=ANTC1&prodID=3,https://www.cnrfc.noaa.gov/reservoirRelease.php?id=KWKC1,2026-05-26T16:34:33Z,IDs extracted from visible CNRFC Location block and intersected with BRIM CDEC-CNRFC station index.
CSRC1,CRY,FALSE,FALSE,FALSE,https://www.cnrfc.noaa.gov/obsRiver_hc.php?id=CSRC1,,,,https://www.cnrfc.noaa.gov/reservoir.php?id=ANTC1,https://www.cnrfc.noaa.gov/ensembleProduct.php?id=ANTC1&prodID=3,https://www.cnrfc.noaa.gov/reservoirRelease.php?id=KWKC1,2026-05-26T16:34:33Z,IDs extracted from visible CNRFC Location block and intersected with BRIM CDEC-CNRFC station index.
CVQC1,CVE,TRUE,TRUE,FALSE,https://www.cnrfc.noaa.gov/obsRiver_hc.php?id=CVQC1,https://www.cnrfc.noaa.gov/reservoir.php?id=CVQC1,https://www.cnrfc.noaa.gov/ensembleProduct.php?id=CVQC1&prodID=3,,https://www.cnrfc.noaa.gov/reservoir.php?id=ANTC1,https://www.cnrfc.noaa.gov/ensembleProduct.php?id=ANTC1&prodID=3,https://www.cnrfc.noaa.gov/reservoirRelease.php?id=KWKC1,2026-05-26T16:34:33Z,IDs extracted from visible CNRFC Location block and intersected with BRIM CDEC-CNRFC station index.
DLLC1,DON,FALSE,FALSE,FALSE,https://www.cnrfc.noaa.gov/obsRiver_hc.php?id=DLLC1,,,,https://www.cnrfc.noaa.gov/reservoir.php?id=ANTC1,https://www.cnrfc.noaa.gov/ensembleProduct.php?id=ANTC1&prodID=3,https://www.cnrfc.noaa.gov/reservoirRelease.php?id=KWKC1,2026-05-26T16:34:33Z,IDs extracted from visible CNRFC Location block and intersected with BRIM CDEC-CNRFC station index.
DNRC1,DNN,TRUE,TRUE,TRUE,https://www.cnrfc.noaa.gov/obsRiver_hc.php?id=DNRC1,https://www.cnrfc.noaa.gov/reservoir.php?id=DNRC1,https://www.cnrfc.noaa.gov/ensembleProduct.php?id=DNRC1&prodID=3,https://www.cnrfc.noaa.gov/reservoirRelease.php?id=DNRC1,https://www.cnrfc.noaa.gov/reservoir.php?id=ANTC1,https://www.cnrfc.noaa.gov/ensembleProduct.php?id=ANTC1&prodID=3,https://www.cnrfc.noaa.gov/reservoirRelease.php?id=KWKC1,2026-05-26T16:34:33Z,IDs extracted from visible CNRFC Location block and intersected with BRIM CDEC-CNRFC station index.
DVAC1,DLV,TRUE,TRUE,TRUE,https://www.cnrfc.noaa.gov/obsRiver_hc.php?id=DVAC1,https://www.cnrfc.noaa.gov/reservoir.php?id=DVAC1,https://www.cnrfc.noaa.gov/ensembleProduct.php?id=DVAC1&prodID=3,https://www.cnrfc.noaa.gov/reservoirRelease.php?id=DVAC1,https://www.cnrfc.noaa.gov/reservoir.php?id=ANTC1,https://www.cnrfc.noaa.gov/ensembleProduct.php?id=ANTC1&prodID=3,https://www.cnrfc.noaa.gov/reservoirRelease.php?id=KWKC1,2026-05-26T16:34:33Z,IDs extracted from visible CNRFC Location block and intersected with BRIM CDEC-CNRFC station index.
DVSC1,DAV,TRUE,TRUE,FALSE,https://www.cnrfc.noaa.gov/obsRiver_hc.php?id=DVSC1,https://www.cnrfc.noaa.gov/reservoir.php?id=DVSC1,https://www.cnrfc.noaa.gov/ensembleProduct.php?id=DVSC1&prodID=3,,https://www.cnrfc.noaa.gov/reservoir.php?id=ANTC1,https://www.cnrfc.noaa.gov/ensembleProduct.php?id=ANTC1&prodID=3,https://www.cnrfc.noaa.gov/reservoirRelease.php?id=KWKC1,2026-05-26T16:34:33Z,IDs extracted from visible CNRFC Location block and intersected with BRIM CDEC-CNRFC station index.
DWRC1,DRE,FALSE,FALSE,FALSE,https://www.cnrfc.noaa.gov/obsRiver_hc.php?id=DWRC1,,,,https://www.cnrfc.noaa.gov/reservoir.php?id=ANTC1,https://www.cnrfc.noaa.gov/ensembleProduct.php?id=ANTC1&prodID=3,https://www.cnrfc.noaa.gov/reservoirRelease.php?id=KWKC1,2026-05-26T16:34:33Z,IDs extracted from visible CNRFC Location block and intersected with BRIM CDEC-CNRFC station index.
ECLC1,ECO,FALSE,FALSE,FALSE,https://www.cnrfc.noaa.gov/obsRiver_hc.php?id=ECLC1,,,,https://www.cnrfc.noaa.gov/reservoir.php?id=ANTC1,https://www.cnrfc.noaa.gov/ensembleProduct.php?id=ANTC1&prodID=3,https://www.cnrfc.noaa.gov/reservoirRelease.php?id=KWKC1,2026-05-26T16:34:33Z,IDs extracted from visible CNRFC Location block and intersected with BRIM CDEC-CNRFC station index.
ENGC1,ENB;ENG,FALSE,FALSE,FALSE,https://www.cnrfc.noaa.gov/obsRiver_hc.php?id=ENGC1,,,,https://www.cnrfc.noaa.gov/reservoir.php?id=ANTC1,https://www.cnrfc.noaa.gov/ensembleProduct.php?id=ANTC1&prodID=3,https://www.cnrfc.noaa.gov/reservoirRelease.php?id=KWKC1,2026-05-26T16:34:33Z,IDs extracted from visible CNRFC Location block and intersected with BRIM CDEC-CNRFC station index.
EPRC1,EPK,TRUE,TRUE,TRUE,https://www.cnrfc.noaa.gov/obsRiver_hc.php?id=EPRC1,https://www.cnrfc.noaa.gov/reservoir.php?id=EPRC1,https://www.cnrfc.noaa.gov/ensembleProduct.php?id=EPRC1&prodID=3,https://www.cnrfc.noaa.gov/reservoirRelease.php?id=EPRC1,https://www.cnrfc.noaa.gov/reservoir.php?id=ANTC1,https://www.cnrfc.noaa.gov/ensembleProduct.php?id=ANTC1&prodID=3,https://www.cnrfc.noaa.gov/reservoirRelease.php?id=KWKC1,2026-05-26T16:34:33Z,IDs extracted from visible CNRFC Location block and intersected with BRIM CDEC-CNRFC station index.
EXQC1,EXC,TRUE,TRUE,TRUE,https://www.cnrfc.noaa.gov/obsRiver_hc.php?id=EXQC1,https://www.cnrfc.noaa.gov/reservoir.php?id=EXQC1,https://www.cnrfc.noaa.gov/ensembleProduct.php?id=EXQC1&prodID=3,https://www.cnrfc.noaa.gov/reservoirRelease.php?id=EXQC1,https://www.cnrfc.noaa.gov/reservoir.php?id=ANTC1,https://www.cnrfc.noaa.gov/ensembleProduct.php?id=ANTC1&prodID=3,https://www.cnrfc.noaa.gov/reservoirRelease.php?id=KWKC1,2026-05-26T16:34:33Z,IDs extracted from visible CNRFC Location block and intersected with BRIM CDEC-CNRFC station index.
FHDC1,FRD,TRUE,TRUE,FALSE,https://www.cnrfc.noaa.gov/obsRiver_hc.php?id=FHDC1,https://www.cnrfc.noaa.gov/reservoir.php?id=FHDC1,https://www.cnrfc.noaa.gov/ensembleProduct.php?id=FHDC1&prodID=3,,https://www.cnrfc.noaa.gov/reservoir.php?id=ANTC1,https://www.cnrfc.noaa.gov/ensembleProduct.php?id=ANTC1&prodID=3,https://www.cnrfc.noaa.gov/reservoirRelease.php?id=KWKC1,2026-05-26T16:34:33Z,IDs extracted from visible CNRFC Location block and intersected with BRIM CDEC-CNRFC station index.
FMDC1,FMD,FALSE,TRUE,FALSE,https://www.cnrfc.noaa.gov/obsRiver_hc.php?id=FMDC1,,https://www.cnrfc.noaa.gov/ensembleProduct.php?id=FMDC1&prodID=3,,https://www.cnrfc.noaa.gov/reservoir.php?id=ANTC1,https://www.cnrfc.noaa.gov/ensembleProduct.php?id=ANTC1&prodID=3,https://www.cnrfc.noaa.gov/reservoirRelease.php?id=KWKC1,2026-05-26T16:34:33Z,IDs extracted from visible CNRFC Location block and intersected with BRIM CDEC-CNRFC station index.
FOCC1,LKF,TRUE,TRUE,FALSE,https://www.cnrfc.noaa.gov/obsRiver_hc.php?id=FOCC1,https://www.cnrfc.noaa.gov/reservoir.php?id=FOCC1,https://www.cnrfc.noaa.gov/ensembleProduct.php?id=FOCC1&prodID=3,,https://www.cnrfc.noaa.gov/reservoir.php?id=ANTC1,https://www.cnrfc.noaa.gov/ensembleProduct.php?id=ANTC1&prodID=3,https://www.cnrfc.noaa.gov/reservoirRelease.php?id=KWKC1,2026-05-26T16:34:33Z,IDs extracted from visible CNRFC Location block and intersected with BRIM CDEC-CNRFC station index.
FOLC1,FOL,TRUE,TRUE,FALSE,https://www.cnrfc.noaa.gov/obsRiver_hc.php?id=FOLC1,https://www.cnrfc.noaa.gov/reservoir.php?id=FOLC1,https://www.cnrfc.noaa.gov/ensembleProduct.php?id=FOLC1&prodID=3,,https://www.cnrfc.noaa.gov/reservoir.php?id=ANTC1,https://www.cnrfc.noaa.gov/ensembleProduct.php?id=ANTC1&prodID=3,https://www.cnrfc.noaa.gov/reservoirRelease.php?id=KWKC1,2026-05-26T16:34:33Z,IDs extracted from visible CNRFC Location block and intersected with BRIM CDEC-CNRFC station index.
FRAC1,MIL,TRUE,TRUE,TRUE,https://www.cnrfc.noaa.gov/obsRiver_hc.php?id=FRAC1,https://www.cnrfc.noaa.gov/reservoir.php?id=FRAC1,https://www.cnrfc.noaa.gov/ensembleProduct.php?id=FRAC1&prodID=3,https://www.cnrfc.noaa.gov/reservoirRelease.php?id=FRAC1,https://www.cnrfc.noaa.gov/reservoir.php?id=ANTC1,https://www.cnrfc.noaa.gov/ensembleProduct.php?id=ANTC1&prodID=3,https://www.cnrfc.noaa.gov/reservoirRelease.php?id=KWKC1,2026-05-26T16:34:33Z,IDs extracted from visible CNRFC Location block and intersected with BRIM CDEC-CNRFC station index.
FRGC1,FRM,TRUE,TRUE,FALSE,https://www.cnrfc.noaa.gov/obsRiver_hc.php?id=FRGC1,https://www.cnrfc.noaa.gov/reservoir.php?id=FRGC1,https://www.cnrfc.noaa.gov/ensembleProduct.php?id=FRGC1&prodID=3,,https://www.cnrfc.noaa.gov/reservoir.php?id=ANTC1,https://www.cnrfc.noaa.gov/ensembleProduct.php?id=ANTC1&prodID=3,https://www.cnrfc.noaa.gov/reservoirRelease.php?id=KWKC1,2026-05-26T16:34:33Z,IDs extracted from visible CNRFC Location block and intersected with BRIM CDEC-CNRFC station index.
FRKC1,FRL,FALSE,FALSE,FALSE,https://www.cnrfc.noaa.gov/obsRiver_hc.php?id=FRKC1,,,,https://www.cnrfc.noaa.gov/reservoir.php?id=ANTC1,https://www.cnrfc.noaa.gov/ensembleProduct.php?id=ANTC1&prodID=3,https://www.cnrfc.noaa.gov/reservoirRelease.php?id=KWKC1,2026-05-26T16:34:33Z,IDs extracted from visible CNRFC Location block and intersected with BRIM CDEC-CNRFC station index.
GBPC1,GBL,FALSE,FALSE,FALSE,https://www.cnrfc.noaa.gov/obsRiver_hc.php?id=GBPC1,,,,https://www.cnrfc.noaa.gov/reservoir.php?id=ANTC1,https://www.cnrfc.noaa.gov/ensembleProduct.php?id=ANTC1&prodID=3,https://www.cnrfc.noaa.gov/reservoirRelease.php?id=KWKC1,2026-05-26T16:34:33Z,IDs extracted from visible CNRFC Location block and intersected with BRIM CDEC-CNRFC station index.
GUAC1,GDR,TRUE,TRUE,FALSE,https://www.cnrfc.noaa.gov/obsRiver_hc.php?id=GUAC1,https://www.cnrfc.noaa.gov/reservoir.php?id=GUAC1,https://www.cnrfc.noaa.gov/ensembleProduct.php?id=GUAC1&prodID=3,,https://www.cnrfc.noaa.gov/reservoir.php?id=ANTC1,https://www.cnrfc.noaa.gov/ensembleProduct.php?id=ANTC1&prodID=3,https://www.cnrfc.noaa.gov/reservoirRelease.php?id=KWKC1,2026-05-26T16:34:33Z,IDs extracted from visible CNRFC Location block and intersected with BRIM CDEC-CNRFC station index.
GVOC1,GVO,FALSE,FALSE,FALSE,https://www.cnrfc.noaa.gov/obsRiver_hc.php?id=GVOC1,,,,https://www.cnrfc.noaa.gov/reservoir.php?id=ANTC1,https://www.cnrfc.noaa.gov/ensembleProduct.php?id=ANTC1&prodID=3,https://www.cnrfc.noaa.gov/reservoirRelease.php?id=KWKC1,2026-05-26T16:34:33Z,IDs extracted from visible CNRFC Location block and intersected with BRIM CDEC-CNRFC station index.
HAWC1,HNS,FALSE,TRUE,TRUE,https://www.cnrfc.noaa.gov/obsRiver_hc.php?id=HAWC1,,https://www.cnrfc.noaa.gov/ensembleProduct.php?id=HAWC1&prodID=3,https://www.cnrfc.noaa.gov/reservoirRelease.php?id=HAWC1,https://www.cnrfc.noaa.gov/reservoir.php?id=ANTC1,https://www.cnrfc.noaa.gov/ensembleProduct.php?id=ANTC1&prodID=3,https://www.cnrfc.noaa.gov/reservoirRelease.php?id=KWKC1,2026-05-26T16:34:33Z,IDs extracted from visible CNRFC Location block and intersected with BRIM CDEC-CNRFC station index.
HETC1,HTH,TRUE,TRUE,TRUE,https://www.cnrfc.noaa.gov/obsRiver_hc.php?id=HETC1,https://www.cnrfc.noaa.gov/reservoir.php?id=HETC1,https://www.cnrfc.noaa.gov/ensembleProduct.php?id=HETC1&prodID=3,https://www.cnrfc.noaa.gov/reservoirRelease.php?id=HETC1,https://www.cnrfc.noaa.gov/reservoir.php?id=ANTC1,https://www.cnrfc.noaa.gov/ensembleProduct.php?id=ANTC1&prodID=3,https://www.cnrfc.noaa.gov/reservoirRelease.php?id=KWKC1,2026-05-26T16:34:33Z,IDs extracted from visible CNRFC Location block and intersected with BRIM CDEC-CNRFC station index.
HIDC1,HID,TRUE,TRUE,TRUE,https://www.cnrfc.noaa.gov/obsRiver_hc.php?id=HIDC1,https://www.cnrfc.noaa.gov/reservoir.php?id=HIDC1,https://www.cnrfc.noaa.gov/ensembleProduct.php?id=HIDC1&prodID=3,https://www.cnrfc.noaa.gov/reservoirRelease.php?id=HIDC1,https://www.cnrfc.noaa.gov/reservoir.php?id=ANTC1,https://www.cnrfc.noaa.gov/ensembleProduct.php?id=ANTC1&prodID=3,https://www.cnrfc.noaa.gov/reservoirRelease.php?id=KWKC1,2026-05-26T16:34:33Z,IDs extracted from visible CNRFC Location block and intersected with BRIM CDEC-CNRFC station index.
HLEC1,ENB;ENG,TRUE,TRUE,TRUE,https://www.cnrfc.noaa.gov/obsRiver_hc.php?id=HLEC1,https://www.cnrfc.noaa.gov/reservoir.php?id=HLEC1,https://www.cnrfc.noaa.gov/ensembleProduct.php?id=HLEC1&prodID=3,https://www.cnrfc.noaa.gov/reservoirRelease.php?id=HLEC1,https://www.cnrfc.noaa.gov/reservoir.php?id=ANTC1,https://www.cnrfc.noaa.gov/ensembleProduct.php?id=ANTC1&prodID=3,https://www.cnrfc.noaa.gov/reservoirRelease.php?id=KWKC1,2026-05-26T16:34:33Z,IDs extracted from visible CNRFC Location block and intersected with BRIM CDEC-CNRFC station index.
HLLC1,HHL,FALSE,TRUE,FALSE,https://www.cnrfc.noaa.gov/obsRiver_hc.php?id=HLLC1,,https://www.cnrfc.noaa.gov/ensembleProduct.php?id=HLLC1&prodID=3,,https://www.cnrfc.noaa.gov/reservoir.php?id=ANTC1,https://www.cnrfc.noaa.gov/ensembleProduct.php?id=ANTC1&prodID=3,https://www.cnrfc.noaa.gov/reservoirRelease.php?id=KWKC1,2026-05-26T16:34:33Z,IDs extracted from visible CNRFC Location block and intersected with BRIM CDEC-CNRFC station index.
HODC1,HDG,TRUE,TRUE,FALSE,https://www.cnrfc.noaa.gov/obsRiver_hc.php?id=HODC1,https://www.cnrfc.noaa.gov/reservoir.php?id=HODC1,https://www.cnrfc.noaa.gov/ensembleProduct.php?id=HODC1&prodID=3,,https://www.cnrfc.noaa.gov/reservoir.php?id=ANTC1,https://www.cnrfc.noaa.gov/ensembleProduct.php?id=ANTC1&prodID=3,https://www.cnrfc.noaa.gov/reservoirRelease.php?id=KWKC1,2026-05-26T16:34:33Z,IDs extracted from visible CNRFC Location block and intersected with BRIM CDEC-CNRFC station index.
ICHC1,ICH,TRUE,TRUE,FALSE,https://www.cnrfc.noaa.gov/obsRiver_hc.php?id=ICHC1,https://www.cnrfc.noaa.gov/reservoir.php?id=ICHC1,https://www.cnrfc.noaa.gov/ensembleProduct.php?id=ICHC1&prodID=3,,https://www.cnrfc.noaa.gov/reservoir.php?id=ANTC1,https://www.cnrfc.noaa.gov/ensembleProduct.php?id=ANTC1&prodID=3,https://www.cnrfc.noaa.gov/reservoirRelease.php?id=KWKC1,2026-05-26T16:34:33Z,IDs extracted from visible CNRFC Location block and intersected with BRIM CDEC-CNRFC station index.
ILAC1,INP,TRUE,TRUE,TRUE,https://www.cnrfc.noaa.gov/obsRiver_hc.php?id=ILAC1,https://www.cnrfc.noaa.gov/reservoir.php?id=ILAC1,https://www.cnrfc.noaa.gov/ensembleProduct.php?id=ILAC1&prodID=3,https://www.cnrfc.noaa.gov/reservoirRelease.php?id=ILAC1,https://www.cnrfc.noaa.gov/reservoir.php?id=ANTC1,https://www.cnrfc.noaa.gov/ensembleProduct.php?id=ANTC1&prodID=3,https://www.cnrfc.noaa.gov/reservoirRelease.php?id=KWKC1,2026-05-26T16:34:33Z,IDs extracted from visible CNRFC Location block and intersected with BRIM CDEC-CNRFC station index.
INVC1,INV,TRUE,TRUE,TRUE,https://www.cnrfc.noaa.gov/obsRiver_hc.php?id=INVC1,https://www.cnrfc.noaa.gov/reservoir.php?id=INVC1,https://www.cnrfc.noaa.gov/ensembleProduct.php?id=INVC1&prodID=3,https://www.cnrfc.noaa.gov/reservoirRelease.php?id=INVC1,https://www.cnrfc.noaa.gov/reservoir.php?id=ANTC1,https://www.cnrfc.noaa.gov/ensembleProduct.php?id=ANTC1&prodID=3,https://www.cnrfc.noaa.gov/reservoirRelease.php?id=KWKC1,2026-05-26T16:34:33Z,IDs extracted from visible CNRFC Location block and intersected with BRIM CDEC-CNRFC station index.
IRLC1,SGC,FALSE,FALSE,FALSE,https://www.cnrfc.noaa.gov/obsRiver_hc.php?id=IRLC1,,,,https://www.cnrfc.noaa.gov/reservoir.php?id=ANTC1,https://www.cnrfc.noaa.gov/ensembleProduct.php?id=ANTC1&prodID=3,https://www.cnrfc.noaa.gov/reservoirRelease.php?id=KWKC1,2026-05-26T16:34:33Z,IDs extracted from visible CNRFC Location block and intersected with BRIM CDEC-CNRFC station index.
ISAC1,ISB,TRUE,TRUE,TRUE,https://www.cnrfc.noaa.gov/obsRiver_hc.php?id=ISAC1,https://www.cnrfc.noaa.gov/reservoir.php?id=ISAC1,https://www.cnrfc.noaa.gov/ensembleProduct.php?id=ISAC1&prodID=3,https://www.cnrfc.noaa.gov/reservoirRelease.php?id=ISAC1,https://www.cnrfc.noaa.gov/reservoir.php?id=ANTC1,https://www.cnrfc.noaa.gov/ensembleProduct.php?id=ANTC1&prodID=3,https://www.cnrfc.noaa.gov/reservoirRelease.php?id=KWKC1,2026-05-26T16:34:33Z,IDs extracted from visible CNRFC Location block and intersected with BRIM CDEC-CNRFC station index.
JKRC1,JCK,TRUE,TRUE,FALSE,https://www.cnrfc.noaa.gov/obsRiver_hc.php?id=JKRC1,https://www.cnrfc.noaa.gov/reservoir.php?id=JKRC1,https://www.cnrfc.noaa.gov/ensembleProduct.php?id=JKRC1&prodID=3,,https://www.cnrfc.noaa.gov/reservoir.php?id=ANTC1,https://www.cnrfc.noaa.gov/ensembleProduct.php?id=ANTC1&prodID=3,https://www.cnrfc.noaa.gov/reservoirRelease.php?id=KWKC1,2026-05-26T16:34:33Z,IDs extracted from visible CNRFC Location block and intersected with BRIM CDEC-CNRFC station index.
JNCC1,JNC,FALSE,FALSE,FALSE,https://www.cnrfc.noaa.gov/obsRiver_hc.php?id=JNCC1,,,,https://www.cnrfc.noaa.gov/reservoir.php?id=ANTC1,https://www.cnrfc.noaa.gov/ensembleProduct.php?id=ANTC1&prodID=3,https://www.cnrfc.noaa.gov/reservoirRelease.php?id=KWKC1,2026-05-26T16:34:33Z,IDs extracted from visible CNRFC Location block and intersected with BRIM CDEC-CNRFC station index.
JNLC1,JML,FALSE,FALSE,FALSE,https://www.cnrfc.noaa.gov/obsRiver_hc.php?id=JNLC1,,,,https://www.cnrfc.noaa.gov/reservoir.php?id=ANTC1,https://www.cnrfc.noaa.gov/ensembleProduct.php?id=ANTC1&prodID=3,https://www.cnrfc.noaa.gov/reservoirRelease.php?id=KWKC1,2026-05-26T16:34:33Z,IDs extracted from visible CNRFC Location block and intersected with BRIM CDEC-CNRFC station index.
KWKC1,KES,TRUE,FALSE,TRUE,https://www.cnrfc.noaa.gov/obsRiver_hc.php?id=KWKC1,https://www.cnrfc.noaa.gov/reservoir.php?id=KWKC1,,https://www.cnrfc.noaa.gov/reservoirRelease.php?id=KWKC1,https://www.cnrfc.noaa.gov/reservoir.php?id=ANTC1,https://www.cnrfc.noaa.gov/ensembleProduct.php?id=ANTC1&prodID=3,https://www.cnrfc.noaa.gov/reservoirRelease.php?id=KWKC1,2026-05-26T16:34:33Z,IDs extracted from visible CNRFC Location block and intersected with BRIM CDEC-CNRFC station index.
LAMC1,COY,TRUE,TRUE,TRUE,https://www.cnrfc.noaa.gov/obsRiver_hc.php?id=LAMC1,https://www.cnrfc.noaa.gov/reservoir.php?id=LAMC1,https://www.cnrfc.noaa.gov/ensembleProduct.php?id=LAMC1&prodID=3,https://www.cnrfc.noaa.gov/reservoirRelease.php?id=LAMC1,https://www.cnrfc.noaa.gov/reservoir.php?id=ANTC1,https://www.cnrfc.noaa.gov/ensembleProduct.php?id=ANTC1&prodID=3,https://www.cnrfc.noaa.gov/reservoirRelease.php?id=KWKC1,2026-05-26T16:34:33Z,IDs extracted from visible CNRFC Location block and intersected with BRIM CDEC-CNRFC station index.
LBDC1,LBS,TRUE,TRUE,FALSE,https://www.cnrfc.noaa.gov/obsRiver_hc.php?id=LBDC1,https://www.cnrfc.noaa.gov/reservoir.php?id=LBDC1,https://www.cnrfc.noaa.gov/ensembleProduct.php?id=LBDC1&prodID=3,,https://www.cnrfc.noaa.gov/reservoir.php?id=ANTC1,https://www.cnrfc.noaa.gov/ensembleProduct.php?id=ANTC1&prodID=3,https://www.cnrfc.noaa.gov/reservoirRelease.php?id=KWKC1,2026-05-26T16:34:33Z,IDs extracted from visible CNRFC Location block and intersected with BRIM CDEC-CNRFC station index.
LBEC1,BER,TRUE,TRUE,TRUE,https://www.cnrfc.noaa.gov/obsRiver_hc.php?id=LBEC1,https://www.cnrfc.noaa.gov/reservoir.php?id=LBEC1,https://www.cnrfc.noaa.gov/ensembleProduct.php?id=LBEC1&prodID=3,https://www.cnrfc.noaa.gov/reservoirRelease.php?id=LBEC1,https://www.cnrfc.noaa.gov/reservoir.php?id=ANTC1,https://www.cnrfc.noaa.gov/ensembleProduct.php?id=ANTC1&prodID=3,https://www.cnrfc.noaa.gov/reservoirRelease.php?id=KWKC1,2026-05-26T16:34:33Z,IDs extracted from visible CNRFC Location block and intersected with BRIM CDEC-CNRFC station index.
LEAC1,LEA,FALSE,FALSE,FALSE,https://www.cnrfc.noaa.gov/obsRiver_hc.php?id=LEAC1,,,,https://www.cnrfc.noaa.gov/reservoir.php?id=ANTC1,https://www.cnrfc.noaa.gov/ensembleProduct.php?id=ANTC1&prodID=3,https://www.cnrfc.noaa.gov/reservoirRelease.php?id=KWKC1,2026-05-26T16:34:33Z,IDs extracted from visible CNRFC Location block and intersected with BRIM CDEC-CNRFC station index.
LEXC1,LNG,TRUE,TRUE,TRUE,https://www.cnrfc.noaa.gov/obsRiver_hc.php?id=LEXC1,https://www.cnrfc.noaa.gov/reservoir.php?id=LEXC1,https://www.cnrfc.noaa.gov/ensembleProduct.php?id=LEXC1&prodID=3,https://www.cnrfc.noaa.gov/reservoirRelease.php?id=LEXC1,https://www.cnrfc.noaa.gov/reservoir.php?id=ANTC1,https://www.cnrfc.noaa.gov/ensembleProduct.php?id=ANTC1&prodID=3,https://www.cnrfc.noaa.gov/reservoirRelease.php?id=KWKC1,2026-05-26T16:34:33Z,IDs extracted from visible CNRFC Location block and intersected with BRIM CDEC-CNRFC station index.
LGVC1,LGV,FALSE,FALSE,FALSE,https://www.cnrfc.noaa.gov/obsRiver_hc.php?id=LGVC1,,,,https://www.cnrfc.noaa.gov/reservoir.php?id=ANTC1,https://www.cnrfc.noaa.gov/ensembleProduct.php?id=ANTC1&prodID=3,https://www.cnrfc.noaa.gov/reservoirRelease.php?id=KWKC1,2026-05-26T16:34:33Z,IDs extracted from visible CNRFC Location block and intersected with BRIM CDEC-CNRFC station index.
LKCC1,CSI,FALSE,FALSE,FALSE,https://www.cnrfc.noaa.gov/obsRiver_hc.php?id=LKCC1,,,,https://www.cnrfc.noaa.gov/reservoir.php?id=ANTC1,https://www.cnrfc.noaa.gov/ensembleProduct.php?id=ANTC1&prodID=3,https://www.cnrfc.noaa.gov/reservoirRelease.php?id=KWKC1,2026-05-26T16:34:33Z,IDs extracted from visible CNRFC Location block and intersected with BRIM CDEC-CNRFC station index.
LKPC1,PRU,TRUE,TRUE,TRUE,https://www.cnrfc.noaa.gov/obsRiver_hc.php?id=LKPC1,https://www.cnrfc.noaa.gov/reservoir.php?id=LKPC1,https://www.cnrfc.noaa.gov/ensembleProduct.php?id=LKPC1&prodID=3,https://www.cnrfc.noaa.gov/reservoirRelease.php?id=LKPC1,https://www.cnrfc.noaa.gov/reservoir.php?id=ANTC1,https://www.cnrfc.noaa.gov/ensembleProduct.php?id=ANTC1&prodID=3,https://www.cnrfc.noaa.gov/reservoirRelease.php?id=KWKC1,2026-05-26T16:34:33Z,IDs extracted from visible CNRFC Location block and intersected with BRIM CDEC-CNRFC station index.
LKZC1,LOP,FALSE,FALSE,FALSE,https://www.cnrfc.noaa.gov/obsRiver_hc.php?id=LKZC1,,,,https://www.cnrfc.noaa.gov/reservoir.php?id=ANTC1,https://www.cnrfc.noaa.gov/ensembleProduct.php?id=ANTC1&prodID=3,https://www.cnrfc.noaa.gov/reservoirRelease.php?id=KWKC1,2026-05-26T16:34:33Z,IDs extracted from visible CNRFC Location block and intersected with BRIM CDEC-CNRFC station index.
LLEC1,PRA,FALSE,FALSE,FALSE,https://www.cnrfc.noaa.gov/obsRiver_hc.php?id=LLEC1,,,,https://www.cnrfc.noaa.gov/reservoir.php?id=ANTC1,https://www.cnrfc.noaa.gov/ensembleProduct.php?id=ANTC1&prodID=3,https://www.cnrfc.noaa.gov/reservoirRelease.php?id=KWKC1,2026-05-26T16:34:33Z,IDs extracted from visible CNRFC Location block and intersected with BRIM CDEC-CNRFC station index.
LLKC1,LEW,FALSE,FALSE,TRUE,https://www.cnrfc.noaa.gov/obsRiver_hc.php?id=LLKC1,,,https://www.cnrfc.noaa.gov/reservoirRelease.php?id=LLKC1,https://www.cnrfc.noaa.gov/reservoir.php?id=ANTC1,https://www.cnrfc.noaa.gov/ensembleProduct.php?id=ANTC1&prodID=3,https://www.cnrfc.noaa.gov/reservoirRelease.php?id=KWKC1,2026-05-26T16:34:33Z,IDs extracted from visible CNRFC Location block and intersected with BRIM CDEC-CNRFC station index.
LNLC1,LON,TRUE,TRUE,FALSE,https://www.cnrfc.noaa.gov/obsRiver_hc.php?id=LNLC1,https://www.cnrfc.noaa.gov/reservoir.php?id=LNLC1,https://www.cnrfc.noaa.gov/ensembleProduct.php?id=LNLC1&prodID=3,,https://www.cnrfc.noaa.gov/reservoir.php?id=ANTC1,https://www.cnrfc.noaa.gov/ensembleProduct.php?id=ANTC1&prodID=3,https://www.cnrfc.noaa.gov/reservoirRelease.php?id=KWKC1,2026-05-26T16:34:33Z,IDs extracted from visible CNRFC Location block and intersected with BRIM CDEC-CNRFC station index.
LNRC1,ENR,TRUE,TRUE,FALSE,https://www.cnrfc.noaa.gov/obsRiver_hc.php?id=LNRC1,https://www.cnrfc.noaa.gov/reservoir.php?id=LNRC1,https://www.cnrfc.noaa.gov/ensembleProduct.php?id=LNRC1&prodID=3,,https://www.cnrfc.noaa.gov/reservoir.php?id=ANTC1,https://www.cnrfc.noaa.gov/ensembleProduct.php?id=ANTC1&prodID=3,https://www.cnrfc.noaa.gov/reservoirRelease.php?id=KWKC1,2026-05-26T16:34:33Z,IDs extracted from visible CNRFC Location block and intersected with BRIM CDEC-CNRFC station index.
LOTC1,LOT,FALSE,FALSE,FALSE,https://www.cnrfc.noaa.gov/obsRiver_hc.php?id=LOTC1,,,,https://www.cnrfc.noaa.gov/reservoir.php?id=ANTC1,https://www.cnrfc.noaa.gov/ensembleProduct.php?id=ANTC1&prodID=3,https://www.cnrfc.noaa.gov/reservoirRelease.php?id=KWKC1,2026-05-26T16:34:33Z,IDs extracted from visible CNRFC Location block and intersected with BRIM CDEC-CNRFC station index.
MMRC1,MMR,FALSE,FALSE,FALSE,https://www.cnrfc.noaa.gov/obsRiver_hc.php?id=MMRC1,,,,https://www.cnrfc.noaa.gov/reservoir.php?id=ANTC1,https://www.cnrfc.noaa.gov/ensembleProduct.php?id=ANTC1&prodID=3,https://www.cnrfc.noaa.gov/reservoirRelease.php?id=KWKC1,2026-05-26T16:34:33Z,IDs extracted from visible CNRFC Location block and intersected with BRIM CDEC-CNRFC station index.
MPAC1,MAR,TRUE,TRUE,FALSE,https://www.cnrfc.noaa.gov/obsRiver_hc.php?id=MPAC1,https://www.cnrfc.noaa.gov/reservoir.php?id=MPAC1,https://www.cnrfc.noaa.gov/ensembleProduct.php?id=MPAC1&prodID=3,,https://www.cnrfc.noaa.gov/reservoir.php?id=ANTC1,https://www.cnrfc.noaa.gov/ensembleProduct.php?id=ANTC1&prodID=3,https://www.cnrfc.noaa.gov/reservoirRelease.php?id=KWKC1,2026-05-26T16:34:33Z,IDs extracted from visible CNRFC Location block and intersected with BRIM CDEC-CNRFC station index.
MRAC1,MOR,FALSE,FALSE,FALSE,https://www.cnrfc.noaa.gov/obsRiver_hc.php?id=MRAC1,,,,https://www.cnrfc.noaa.gov/reservoir.php?id=ANTC1,https://www.cnrfc.noaa.gov/ensembleProduct.php?id=ANTC1&prodID=3,https://www.cnrfc.noaa.gov/reservoirRelease.php?id=KWKC1,2026-05-26T16:34:33Z,IDs extracted from visible CNRFC Location block and intersected with BRIM CDEC-CNRFC station index.
MSWC1,MCS,FALSE,FALSE,FALSE,https://www.cnrfc.noaa.gov/obsRiver_hc.php?id=MSWC1,,,,https://www.cnrfc.noaa.gov/reservoir.php?id=ANTC1,https://www.cnrfc.noaa.gov/ensembleProduct.php?id=ANTC1&prodID=3,https://www.cnrfc.noaa.gov/reservoirRelease.php?id=KWKC1,2026-05-26T16:34:33Z,IDs extracted from visible CNRFC Location block and intersected with BRIM CDEC-CNRFC station index.
MTDC1,MAT,FALSE,FALSE,FALSE,https://www.cnrfc.noaa.gov/obsRiver_hc.php?id=MTDC1,,,,https://www.cnrfc.noaa.gov/reservoir.php?id=ANTC1,https://www.cnrfc.noaa.gov/ensembleProduct.php?id=ANTC1&prodID=3,https://www.cnrfc.noaa.gov/reservoirRelease.php?id=KWKC1,2026-05-26T16:34:33Z,IDs extracted from visible CNRFC Location block and intersected with BRIM CDEC-CNRFC station index.
MTSC1,MRT,TRUE,TRUE,TRUE,https://www.cnrfc.noaa.gov/obsRiver_hc.php?id=MTSC1,https://www.cnrfc.noaa.gov/reservoir.php?id=MTSC1,https://www.cnrfc.noaa.gov/ensembleProduct.php?id=MTSC1&prodID=3,https://www.cnrfc.noaa.gov/reservoirRelease.php?id=MTSC1,https://www.cnrfc.noaa.gov/reservoir.php?id=ANTC1,https://www.cnrfc.noaa.gov/ensembleProduct.php?id=ANTC1&prodID=3,https://www.cnrfc.noaa.gov/reservoirRelease.php?id=KWKC1,2026-05-26T16:34:33Z,IDs extracted from visible CNRFC Location block and intersected with BRIM CDEC-CNRFC station index.
MUYC1,MRR,FALSE,FALSE,FALSE,https://www.cnrfc.noaa.gov/obsRiver_hc.php?id=MUYC1,,,,https://www.cnrfc.noaa.gov/reservoir.php?id=ANTC1,https://www.cnrfc.noaa.gov/ensembleProduct.php?id=ANTC1&prodID=3,https://www.cnrfc.noaa.gov/reservoirRelease.php?id=KWKC1,2026-05-26T16:34:33Z,IDs extracted from visible CNRFC Location block and intersected with BRIM CDEC-CNRFC station index.
MVDC1,MJD,TRUE,TRUE,TRUE,https://www.cnrfc.noaa.gov/obsRiver_hc.php?id=MVDC1,https://www.cnrfc.noaa.gov/reservoir.php?id=MVDC1,https://www.cnrfc.noaa.gov/ensembleProduct.php?id=MVDC1&prodID=3,https://www.cnrfc.noaa.gov/reservoirRelease.php?id=MVDC1,https://www.cnrfc.noaa.gov/reservoir.php?id=ANTC1,https://www.cnrfc.noaa.gov/ensembleProduct.php?id=ANTC1&prodID=3,https://www.cnrfc.noaa.gov/reservoirRelease.php?id=KWKC1,2026-05-26T16:34:33Z,IDs extracted from visible CNRFC Location block and intersected with BRIM CDEC-CNRFC station index.
NACC1,NCM,TRUE,TRUE,TRUE,https://www.cnrfc.noaa.gov/obsRiver_hc.php?id=NACC1,https://www.cnrfc.noaa.gov/reservoir.php?id=NACC1,https://www.cnrfc.noaa.gov/ensembleProduct.php?id=NACC1&prodID=3,https://www.cnrfc.noaa.gov/reservoirRelease.php?id=NACC1,https://www.cnrfc.noaa.gov/reservoir.php?id=ANTC1,https://www.cnrfc.noaa.gov/ensembleProduct.php?id=ANTC1&prodID=3,https://www.cnrfc.noaa.gov/reservoirRelease.php?id=KWKC1,2026-05-26T16:34:33Z,IDs extracted from visible CNRFC Location block and intersected with BRIM CDEC-CNRFC station index.
NBBC1,BUX,TRUE,TRUE,TRUE,https://www.cnrfc.noaa.gov/obsRiver_hc.php?id=NBBC1,https://www.cnrfc.noaa.gov/reservoir.php?id=NBBC1,https://www.cnrfc.noaa.gov/ensembleProduct.php?id=NBBC1&prodID=3,https://www.cnrfc.noaa.gov/reservoirRelease.php?id=NBBC1,https://www.cnrfc.noaa.gov/reservoir.php?id=ANTC1,https://www.cnrfc.noaa.gov/ensembleProduct.php?id=ANTC1&prodID=3,https://www.cnrfc.noaa.gov/reservoirRelease.php?id=KWKC1,2026-05-26T16:34:33Z,IDs extracted from visible CNRFC Location block and intersected with BRIM CDEC-CNRFC station index.
NDPC1,DNP,TRUE,TRUE,TRUE,https://www.cnrfc.noaa.gov/obsRiver_hc.php?id=NDPC1,https://www.cnrfc.noaa.gov/reservoir.php?id=NDPC1,https://www.cnrfc.noaa.gov/ensembleProduct.php?id=NDPC1&prodID=3,https://www.cnrfc.noaa.gov/reservoirRelease.php?id=NDPC1,https://www.cnrfc.noaa.gov/reservoir.php?id=ANTC1,https://www.cnrfc.noaa.gov/ensembleProduct.php?id=ANTC1&prodID=3,https://www.cnrfc.noaa.gov/reservoirRelease.php?id=KWKC1,2026-05-26T16:34:33Z,IDs extracted from visible CNRFC Location block and intersected with BRIM CDEC-CNRFC station index.
NHGC1,NHG,TRUE,TRUE,TRUE,https://www.cnrfc.noaa.gov/obsRiver_hc.php?id=NHGC1,https://www.cnrfc.noaa.gov/reservoir.php?id=NHGC1,https://www.cnrfc.noaa.gov/ensembleProduct.php?id=NHGC1&prodID=3,https://www.cnrfc.noaa.gov/reservoirRelease.php?id=NHGC1,https://www.cnrfc.noaa.gov/reservoir.php?id=ANTC1,https://www.cnrfc.noaa.gov/ensembleProduct.php?id=ANTC1&prodID=3,https://www.cnrfc.noaa.gov/reservoirRelease.php?id=KWKC1,2026-05-26T16:34:33Z,IDs extracted from visible CNRFC Location block and intersected with BRIM CDEC-CNRFC station index.
NIMC1,NAT,TRUE,FALSE,TRUE,https://www.cnrfc.noaa.gov/obsRiver_hc.php?id=NIMC1,https://www.cnrfc.noaa.gov/reservoir.php?id=NIMC1,,https://www.cnrfc.noaa.gov/reservoirRelease.php?id=NIMC1,https://www.cnrfc.noaa.gov/reservoir.php?id=ANTC1,https://www.cnrfc.noaa.gov/ensembleProduct.php?id=ANTC1&prodID=3,https://www.cnrfc.noaa.gov/reservoirRelease.php?id=KWKC1,2026-05-26T16:34:33Z,IDs extracted from visible CNRFC Location block and intersected with BRIM CDEC-CNRFC station index.
NMSC1,NML,TRUE,TRUE,FALSE,https://www.cnrfc.noaa.gov/obsRiver_hc.php?id=NMSC1,https://www.cnrfc.noaa.gov/reservoir.php?id=NMSC1,https://www.cnrfc.noaa.gov/ensembleProduct.php?id=NMSC1&prodID=3,,https://www.cnrfc.noaa.gov/reservoir.php?id=ANTC1,https://www.cnrfc.noaa.gov/ensembleProduct.php?id=ANTC1&prodID=3,https://www.cnrfc.noaa.gov/reservoirRelease.php?id=KWKC1,2026-05-26T16:34:33Z,IDs extracted from visible CNRFC Location block and intersected with BRIM CDEC-CNRFC station index.
NSWC1,SPM,TRUE,TRUE,FALSE,https://www.cnrfc.noaa.gov/obsRiver_hc.php?id=NSWC1,https://www.cnrfc.noaa.gov/reservoir.php?id=NSWC1,https://www.cnrfc.noaa.gov/ensembleProduct.php?id=NSWC1&prodID=3,,https://www.cnrfc.noaa.gov/reservoir.php?id=ANTC1,https://www.cnrfc.noaa.gov/ensembleProduct.php?id=ANTC1&prodID=3,https://www.cnrfc.noaa.gov/reservoirRelease.php?id=KWKC1,2026-05-26T16:34:33Z,IDs extracted from visible CNRFC Location block and intersected with BRIM CDEC-CNRFC station index.
ORDC1,ORO,TRUE,TRUE,TRUE,https://www.cnrfc.noaa.gov/obsRiver_hc.php?id=ORDC1,https://www.cnrfc.noaa.gov/reservoir.php?id=ORDC1,https://www.cnrfc.noaa.gov/ensembleProduct.php?id=ORDC1&prodID=3,https://www.cnrfc.noaa.gov/reservoirRelease.php?id=ORDC1,https://www.cnrfc.noaa.gov/reservoir.php?id=ANTC1,https://www.cnrfc.noaa.gov/ensembleProduct.php?id=ANTC1&prodID=3,https://www.cnrfc.noaa.gov/reservoirRelease.php?id=KWKC1,2026-05-26T16:34:33Z,IDs extracted from visible CNRFC Location block and intersected with BRIM CDEC-CNRFC station index.
OWCC1,OWN,TRUE,TRUE,FALSE,https://www.cnrfc.noaa.gov/obsRiver_hc.php?id=OWCC1,https://www.cnrfc.noaa.gov/reservoir.php?id=OWCC1,https://www.cnrfc.noaa.gov/ensembleProduct.php?id=OWCC1&prodID=3,,https://www.cnrfc.noaa.gov/reservoir.php?id=ANTC1,https://www.cnrfc.noaa.gov/ensembleProduct.php?id=ANTC1&prodID=3,https://www.cnrfc.noaa.gov/reservoirRelease.php?id=KWKC1,2026-05-26T16:34:33Z,IDs extracted from visible CNRFC Location block and intersected with BRIM CDEC-CNRFC station index.
PFTC1,PNF,TRUE,TRUE,TRUE,https://www.cnrfc.noaa.gov/obsRiver_hc.php?id=PFTC1,https://www.cnrfc.noaa.gov/reservoir.php?id=PFTC1,https://www.cnrfc.noaa.gov/ensembleProduct.php?id=PFTC1&prodID=3,https://www.cnrfc.noaa.gov/reservoirRelease.php?id=PFTC1,https://www.cnrfc.noaa.gov/reservoir.php?id=ANTC1,https://www.cnrfc.noaa.gov/ensembleProduct.php?id=ANTC1&prodID=3,https://www.cnrfc.noaa.gov/reservoirRelease.php?id=KWKC1,2026-05-26T16:34:33Z,IDs extracted from visible CNRFC Location block and intersected with BRIM CDEC-CNRFC station index.
PLBC1,LPY,TRUE,TRUE,FALSE,https://www.cnrfc.noaa.gov/obsRiver_hc.php?id=PLBC1,https://www.cnrfc.noaa.gov/reservoir.php?id=PLBC1,https://www.cnrfc.noaa.gov/ensembleProduct.php?id=PLBC1&prodID=3,,https://www.cnrfc.noaa.gov/reservoir.php?id=ANTC1,https://www.cnrfc.noaa.gov/ensembleProduct.php?id=ANTC1&prodID=3,https://www.cnrfc.noaa.gov/reservoirRelease.php?id=KWKC1,2026-05-26T16:34:33Z,IDs extracted from visible CNRFC Location block and intersected with BRIM CDEC-CNRFC station index.
PSRC1,PRS,TRUE,TRUE,TRUE,https://www.cnrfc.noaa.gov/obsRiver_hc.php?id=PSRC1,https://www.cnrfc.noaa.gov/reservoir.php?id=PSRC1,https://www.cnrfc.noaa.gov/ensembleProduct.php?id=PSRC1&prodID=3,https://www.cnrfc.noaa.gov/reservoirRelease.php?id=PSRC1,https://www.cnrfc.noaa.gov/reservoir.php?id=ANTC1,https://www.cnrfc.noaa.gov/ensembleProduct.php?id=ANTC1&prodID=3,https://www.cnrfc.noaa.gov/reservoirRelease.php?id=KWKC1,2026-05-26T16:34:33Z,IDs extracted from visible CNRFC Location block and intersected with BRIM CDEC-CNRFC station index.
PYMC1,PYM,TRUE,TRUE,FALSE,https://www.cnrfc.noaa.gov/obsRiver_hc.php?id=PYMC1,https://www.cnrfc.noaa.gov/reservoir.php?id=PYMC1,https://www.cnrfc.noaa.gov/ensembleProduct.php?id=PYMC1&prodID=3,,https://www.cnrfc.noaa.gov/reservoir.php?id=ANTC1,https://www.cnrfc.noaa.gov/ensembleProduct.php?id=ANTC1&prodID=3,https://www.cnrfc.noaa.gov/reservoirRelease.php?id=KWKC1,2026-05-26T16:34:33Z,IDs extracted from visible CNRFC Location block and intersected with BRIM CDEC-CNRFC station index.
RBBC1,RBL,FALSE,TRUE,FALSE,https://www.cnrfc.noaa.gov/obsRiver_hc.php?id=RBBC1,,https://www.cnrfc.noaa.gov/ensembleProduct.php?id=RBBC1&prodID=3,,https://www.cnrfc.noaa.gov/reservoir.php?id=ANTC1,https://www.cnrfc.noaa.gov/ensembleProduct.php?id=ANTC1&prodID=3,https://www.cnrfc.noaa.gov/reservoirRelease.php?id=KWKC1,2026-05-26T16:34:33Z,IDs extracted from visible CNRFC Location block and intersected with BRIM CDEC-CNRFC station index.
RLLC1,RLL,FALSE,FALSE,FALSE,https://www.cnrfc.noaa.gov/obsRiver_hc.php?id=RLLC1,,,,https://www.cnrfc.noaa.gov/reservoir.php?id=ANTC1,https://www.cnrfc.noaa.gov/ensembleProduct.php?id=ANTC1&prodID=3,https://www.cnrfc.noaa.gov/reservoirRelease.php?id=KWKC1,2026-05-26T16:34:33Z,IDs extracted from visible CNRFC Location block and intersected with BRIM CDEC-CNRFC station index.
RSIC1,SLN,FALSE,FALSE,FALSE,https://www.cnrfc.noaa.gov/obsRiver_hc.php?id=RSIC1,,,,https://www.cnrfc.noaa.gov/reservoir.php?id=ANTC1,https://www.cnrfc.noaa.gov/ensembleProduct.php?id=ANTC1&prodID=3,https://www.cnrfc.noaa.gov/reservoirRelease.php?id=KWKC1,2026-05-26T16:34:33Z,IDs extracted from visible CNRFC Location block and intersected with BRIM CDEC-CNRFC station index.
SBKC1,SLB,FALSE,FALSE,FALSE,https://www.cnrfc.noaa.gov/obsRiver_hc.php?id=SBKC1,,,,https://www.cnrfc.noaa.gov/reservoir.php?id=ANTC1,https://www.cnrfc.noaa.gov/ensembleProduct.php?id=ANTC1&prodID=3,https://www.cnrfc.noaa.gov/reservoirRelease.php?id=KWKC1,2026-05-26T16:34:33Z,IDs extracted from visible CNRFC Location block and intersected with BRIM CDEC-CNRFC station index.
SCSC1,SCC,TRUE,TRUE,TRUE,https://www.cnrfc.noaa.gov/obsRiver_hc.php?id=SCSC1,https://www.cnrfc.noaa.gov/reservoir.php?id=SCSC1,https://www.cnrfc.noaa.gov/ensembleProduct.php?id=SCSC1&prodID=3,https://www.cnrfc.noaa.gov/reservoirRelease.php?id=SCSC1,https://www.cnrfc.noaa.gov/reservoir.php?id=ANTC1,https://www.cnrfc.noaa.gov/ensembleProduct.php?id=ANTC1&prodID=3,https://www.cnrfc.noaa.gov/reservoirRelease.php?id=KWKC1,2026-05-26T16:34:33Z,IDs extracted from visible CNRFC Location block and intersected with BRIM CDEC-CNRFC station index.
SGDC1,SGB,FALSE,FALSE,FALSE,https://www.cnrfc.noaa.gov/obsRiver_hc.php?id=SGDC1,,,,https://www.cnrfc.noaa.gov/reservoir.php?id=ANTC1,https://www.cnrfc.noaa.gov/ensembleProduct.php?id=ANTC1&prodID=3,https://www.cnrfc.noaa.gov/reservoirRelease.php?id=KWKC1,2026-05-26T16:34:33Z,IDs extracted from visible CNRFC Location block and intersected with BRIM CDEC-CNRFC station index.
SGEC1,STG,TRUE,TRUE,TRUE,https://www.cnrfc.noaa.gov/obsRiver_hc.php?id=SGEC1,https://www.cnrfc.noaa.gov/reservoir.php?id=SGEC1,https://www.cnrfc.noaa.gov/ensembleProduct.php?id=SGEC1&prodID=3,https://www.cnrfc.noaa.gov/reservoirRelease.php?id=SGEC1,https://www.cnrfc.noaa.gov/reservoir.php?id=ANTC1,https://www.cnrfc.noaa.gov/ensembleProduct.php?id=ANTC1&prodID=3,https://www.cnrfc.noaa.gov/reservoirRelease.php?id=KWKC1,2026-05-26T16:34:33Z,IDs extracted from visible CNRFC Location block and intersected with BRIM CDEC-CNRFC station index.
SHDC1,SHA,TRUE,TRUE,FALSE,https://www.cnrfc.noaa.gov/obsRiver_hc.php?id=SHDC1,https://www.cnrfc.noaa.gov/reservoir.php?id=SHDC1,https://www.cnrfc.noaa.gov/ensembleProduct.php?id=SHDC1&prodID=3,,https://www.cnrfc.noaa.gov/reservoir.php?id=ANTC1,https://www.cnrfc.noaa.gov/ensembleProduct.php?id=ANTC1&prodID=3,https://www.cnrfc.noaa.gov/reservoirRelease.php?id=KWKC1,2026-05-26T16:34:33Z,IDs extracted from visible CNRFC Location block and intersected with BRIM CDEC-CNRFC station index.
SIVC1,SIV,FALSE,FALSE,FALSE,https://www.cnrfc.noaa.gov/obsRiver_hc.php?id=SIVC1,,,,https://www.cnrfc.noaa.gov/reservoir.php?id=ANTC1,https://www.cnrfc.noaa.gov/ensembleProduct.php?id=ANTC1&prodID=3,https://www.cnrfc.noaa.gov/reservoirRelease.php?id=KWKC1,2026-05-26T16:34:33Z,IDs extracted from visible CNRFC Location block and intersected with BRIM CDEC-CNRFC station index.
SNRC1,ATN,TRUE,TRUE,TRUE,https://www.cnrfc.noaa.gov/obsRiver_hc.php?id=SNRC1,https://www.cnrfc.noaa.gov/reservoir.php?id=SNRC1,https://www.cnrfc.noaa.gov/ensembleProduct.php?id=SNRC1&prodID=3,https://www.cnrfc.noaa.gov/reservoirRelease.php?id=SNRC1,https://www.cnrfc.noaa.gov/reservoir.php?id=ANTC1,https://www.cnrfc.noaa.gov/ensembleProduct.php?id=ANTC1&prodID=3,https://www.cnrfc.noaa.gov/reservoirRelease.php?id=KWKC1,2026-05-26T16:34:33Z,IDs extracted from visible CNRFC Location block and intersected with BRIM CDEC-CNRFC station index.
SOVC1,SFL,TRUE,TRUE,FALSE,https://www.cnrfc.noaa.gov/obsRiver_hc.php?id=SOVC1,https://www.cnrfc.noaa.gov/reservoir.php?id=SOVC1,https://www.cnrfc.noaa.gov/ensembleProduct.php?id=SOVC1&prodID=3,,https://www.cnrfc.noaa.gov/reservoir.php?id=ANTC1,https://www.cnrfc.noaa.gov/ensembleProduct.php?id=ANTC1&prodID=3,https://www.cnrfc.noaa.gov/reservoirRelease.php?id=KWKC1,2026-05-26T16:34:33Z,IDs extracted from visible CNRFC Location block and intersected with BRIM CDEC-CNRFC station index.
STDC1,SEC,TRUE,TRUE,TRUE,https://www.cnrfc.noaa.gov/obsRiver_hc.php?id=STDC1,https://www.cnrfc.noaa.gov/reservoir.php?id=STDC1,https://www.cnrfc.noaa.gov/ensembleProduct.php?id=STDC1&prodID=3,https://www.cnrfc.noaa.gov/reservoirRelease.php?id=STDC1,https://www.cnrfc.noaa.gov/reservoir.php?id=ANTC1,https://www.cnrfc.noaa.gov/ensembleProduct.php?id=ANTC1&prodID=3,https://www.cnrfc.noaa.gov/reservoirRelease.php?id=KWKC1,2026-05-26T16:34:33Z,IDs extracted from visible CNRFC Location block and intersected with BRIM CDEC-CNRFC station index.
STPC1,STP,TRUE,TRUE,TRUE,https://www.cnrfc.noaa.gov/obsRiver_hc.php?id=STPC1,https://www.cnrfc.noaa.gov/reservoir.php?id=STPC1,https://www.cnrfc.noaa.gov/ensembleProduct.php?id=STPC1&prodID=3,https://www.cnrfc.noaa.gov/reservoirRelease.php?id=STPC1,https://www.cnrfc.noaa.gov/reservoir.php?id=ANTC1,https://www.cnrfc.noaa.gov/ensembleProduct.php?id=ANTC1&prodID=3,https://www.cnrfc.noaa.gov/reservoirRelease.php?id=KWKC1,2026-05-26T16:34:33Z,IDs extracted from visible CNRFC Location block and intersected with BRIM CDEC-CNRFC station index.
SUAC1,SPG,TRUE,TRUE,FALSE,https://www.cnrfc.noaa.gov/obsRiver_hc.php?id=SUAC1,https://www.cnrfc.noaa.gov/reservoir.php?id=SUAC1,https://www.cnrfc.noaa.gov/ensembleProduct.php?id=SUAC1&prodID=3,,https://www.cnrfc.noaa.gov/reservoir.php?id=ANTC1,https://www.cnrfc.noaa.gov/ensembleProduct.php?id=ANTC1&prodID=3,https://www.cnrfc.noaa.gov/reservoirRelease.php?id=KWKC1,2026-05-26T16:34:33Z,IDs extracted from visible CNRFC Location block and intersected with BRIM CDEC-CNRFC station index.
SUDC1,STD,TRUE,TRUE,FALSE,https://www.cnrfc.noaa.gov/obsRiver_hc.php?id=SUDC1,https://www.cnrfc.noaa.gov/reservoir.php?id=SUDC1,https://www.cnrfc.noaa.gov/ensembleProduct.php?id=SUDC1&prodID=3,,https://www.cnrfc.noaa.gov/reservoir.php?id=ANTC1,https://www.cnrfc.noaa.gov/ensembleProduct.php?id=ANTC1&prodID=3,https://www.cnrfc.noaa.gov/reservoirRelease.php?id=KWKC1,2026-05-26T16:34:33Z,IDs extracted from visible CNRFC Location block and intersected with BRIM CDEC-CNRFC station index.
SVIC1,SVT,TRUE,TRUE,TRUE,https://www.cnrfc.noaa.gov/obsRiver_hc.php?id=SVIC1,https://www.cnrfc.noaa.gov/reservoir.php?id=SVIC1,https://www.cnrfc.noaa.gov/ensembleProduct.php?id=SVIC1&prodID=3,https://www.cnrfc.noaa.gov/reservoirRelease.php?id=SVIC1,https://www.cnrfc.noaa.gov/reservoir.php?id=ANTC1,https://www.cnrfc.noaa.gov/ensembleProduct.php?id=ANTC1&prodID=3,https://www.cnrfc.noaa.gov/reservoirRelease.php?id=KWKC1,2026-05-26T16:34:33Z,IDs extracted from visible CNRFC Location block and intersected with BRIM CDEC-CNRFC station index.
SVKC1,SVO,FALSE,FALSE,FALSE,https://www.cnrfc.noaa.gov/obsRiver_hc.php?id=SVKC1,,,,https://www.cnrfc.noaa.gov/reservoir.php?id=ANTC1,https://www.cnrfc.noaa.gov/ensembleProduct.php?id=ANTC1&prodID=3,https://www.cnrfc.noaa.gov/reservoirRelease.php?id=KWKC1,2026-05-26T16:34:33Z,IDs extracted from visible CNRFC Location block and intersected with BRIM CDEC-CNRFC station index.
SVWC1,SLW,TRUE,TRUE,FALSE,https://www.cnrfc.noaa.gov/obsRiver_hc.php?id=SVWC1,https://www.cnrfc.noaa.gov/reservoir.php?id=SVWC1,https://www.cnrfc.noaa.gov/ensembleProduct.php?id=SVWC1&prodID=3,,https://www.cnrfc.noaa.gov/reservoir.php?id=ANTC1,https://www.cnrfc.noaa.gov/ensembleProduct.php?id=ANTC1&prodID=3,https://www.cnrfc.noaa.gov/reservoirRelease.php?id=KWKC1,2026-05-26T16:34:33Z,IDs extracted from visible CNRFC Location block and intersected with BRIM CDEC-CNRFC station index.
SYKC1,SLC,FALSE,FALSE,FALSE,https://www.cnrfc.noaa.gov/obsRiver_hc.php?id=SYKC1,,,,https://www.cnrfc.noaa.gov/reservoir.php?id=ANTC1,https://www.cnrfc.noaa.gov/ensembleProduct.php?id=ANTC1&prodID=3,https://www.cnrfc.noaa.gov/reservoirRelease.php?id=KWKC1,2026-05-26T16:34:33Z,IDs extracted from visible CNRFC Location block and intersected with BRIM CDEC-CNRFC station index.
THLC1,THC,FALSE,TRUE,FALSE,https://www.cnrfc.noaa.gov/obsRiver_hc.php?id=THLC1,,https://www.cnrfc.noaa.gov/ensembleProduct.php?id=THLC1&prodID=3,,https://www.cnrfc.noaa.gov/reservoir.php?id=ANTC1,https://www.cnrfc.noaa.gov/ensembleProduct.php?id=ANTC1&prodID=3,https://www.cnrfc.noaa.gov/reservoirRelease.php?id=KWKC1,2026-05-26T16:34:33Z,IDs extracted from visible CNRFC Location block and intersected with BRIM CDEC-CNRFC station index.
TMDC1,TRM,TRUE,TRUE,TRUE,https://www.cnrfc.noaa.gov/obsRiver_hc.php?id=TMDC1,https://www.cnrfc.noaa.gov/reservoir.php?id=TMDC1,https://www.cnrfc.noaa.gov/ensembleProduct.php?id=TMDC1&prodID=3,https://www.cnrfc.noaa.gov/reservoirRelease.php?id=TMDC1,https://www.cnrfc.noaa.gov/reservoir.php?id=ANTC1,https://www.cnrfc.noaa.gov/ensembleProduct.php?id=ANTC1&prodID=3,https://www.cnrfc.noaa.gov/reservoirRelease.php?id=KWKC1,2026-05-26T16:34:33Z,IDs extracted from visible CNRFC Location block and intersected with BRIM CDEC-CNRFC station index.
TUKC1,TUL,FALSE,FALSE,FALSE,https://www.cnrfc.noaa.gov/obsRiver_hc.php?id=TUKC1,,,,https://www.cnrfc.noaa.gov/reservoir.php?id=ANTC1,https://www.cnrfc.noaa.gov/ensembleProduct.php?id=ANTC1&prodID=3,https://www.cnrfc.noaa.gov/reservoirRelease.php?id=KWKC1,2026-05-26T16:34:33Z,IDs extracted from visible CNRFC Location block and intersected with BRIM CDEC-CNRFC station index.
TWDC1,TWT,TRUE,TRUE,FALSE,https://www.cnrfc.noaa.gov/obsRiver_hc.php?id=TWDC1,https://www.cnrfc.noaa.gov/reservoir.php?id=TWDC1,https://www.cnrfc.noaa.gov/ensembleProduct.php?id=TWDC1&prodID=3,,https://www.cnrfc.noaa.gov/reservoir.php?id=ANTC1,https://www.cnrfc.noaa.gov/ensembleProduct.php?id=ANTC1&prodID=3,https://www.cnrfc.noaa.gov/reservoirRelease.php?id=KWKC1,2026-05-26T16:34:33Z,IDs extracted from visible CNRFC Location block and intersected with BRIM CDEC-CNRFC station index.
UNVC1,UNV,TRUE,TRUE,FALSE,https://www.cnrfc.noaa.gov/obsRiver_hc.php?id=UNVC1,https://www.cnrfc.noaa.gov/reservoir.php?id=UNVC1,https://www.cnrfc.noaa.gov/ensembleProduct.php?id=UNVC1&prodID=3,,https://www.cnrfc.noaa.gov/reservoir.php?id=ANTC1,https://www.cnrfc.noaa.gov/ensembleProduct.php?id=ANTC1&prodID=3,https://www.cnrfc.noaa.gov/reservoirRelease.php?id=KWKC1,2026-05-26T16:34:33Z,IDs extracted from visible CNRFC Location block and intersected with BRIM CDEC-CNRFC station index.
USVC1,USL,FALSE,FALSE,FALSE,https://www.cnrfc.noaa.gov/obsRiver_hc.php?id=USVC1,,,,https://www.cnrfc.noaa.gov/reservoir.php?id=ANTC1,https://www.cnrfc.noaa.gov/ensembleProduct.php?id=ANTC1&prodID=3,https://www.cnrfc.noaa.gov/reservoirRelease.php?id=KWKC1,2026-05-26T16:34:33Z,IDs extracted from visible CNRFC Location block and intersected with BRIM CDEC-CNRFC station index.
UTIC1,UTI,FALSE,FALSE,FALSE,https://www.cnrfc.noaa.gov/obsRiver_hc.php?id=UTIC1,,,,https://www.cnrfc.noaa.gov/reservoir.php?id=ANTC1,https://www.cnrfc.noaa.gov/ensembleProduct.php?id=ANTC1&prodID=3,https://www.cnrfc.noaa.gov/reservoirRelease.php?id=KWKC1,2026-05-26T16:34:33Z,IDs extracted from visible CNRFC Location block and intersected with BRIM CDEC-CNRFC station index.
UVRC1,UVA,TRUE,TRUE,TRUE,https://www.cnrfc.noaa.gov/obsRiver_hc.php?id=UVRC1,https://www.cnrfc.noaa.gov/reservoir.php?id=UVRC1,https://www.cnrfc.noaa.gov/ensembleProduct.php?id=UVRC1&prodID=3,https://www.cnrfc.noaa.gov/reservoirRelease.php?id=UVRC1,https://www.cnrfc.noaa.gov/reservoir.php?id=ANTC1,https://www.cnrfc.noaa.gov/ensembleProduct.php?id=ANTC1&prodID=3,https://www.cnrfc.noaa.gov/reservoirRelease.php?id=KWKC1,2026-05-26T16:34:33Z,IDs extracted from visible CNRFC Location block and intersected with BRIM CDEC-CNRFC station index.
VLKC1,VIL,TRUE,TRUE,FALSE,https://www.cnrfc.noaa.gov/obsRiver_hc.php?id=VLKC1,https://www.cnrfc.noaa.gov/reservoir.php?id=VLKC1,https://www.cnrfc.noaa.gov/ensembleProduct.php?id=VLKC1&prodID=3,,https://www.cnrfc.noaa.gov/reservoir.php?id=ANTC1,https://www.cnrfc.noaa.gov/ensembleProduct.php?id=ANTC1&prodID=3,https://www.cnrfc.noaa.gov/reservoirRelease.php?id=KWKC1,2026-05-26T16:34:33Z,IDs extracted from visible CNRFC Location block and intersected with BRIM CDEC-CNRFC station index.
WHSC1,WHI,TRUE,TRUE,TRUE,https://www.cnrfc.noaa.gov/obsRiver_hc.php?id=WHSC1,https://www.cnrfc.noaa.gov/reservoir.php?id=WHSC1,https://www.cnrfc.noaa.gov/ensembleProduct.php?id=WHSC1&prodID=3,https://www.cnrfc.noaa.gov/reservoirRelease.php?id=WHSC1,https://www.cnrfc.noaa.gov/reservoir.php?id=ANTC1,https://www.cnrfc.noaa.gov/ensembleProduct.php?id=ANTC1&prodID=3,https://www.cnrfc.noaa.gov/reservoirRelease.php?id=KWKC1,2026-05-26T16:34:33Z,IDs extracted from visible CNRFC Location block and intersected with BRIM CDEC-CNRFC station index.
WSDC1,WRS,TRUE,TRUE,TRUE,https://www.cnrfc.noaa.gov/obsRiver_hc.php?id=WSDC1,https://www.cnrfc.noaa.gov/reservoir.php?id=WSDC1,https://www.cnrfc.noaa.gov/ensembleProduct.php?id=WSDC1&prodID=3,https://www.cnrfc.noaa.gov/reservoirRelease.php?id=WSDC1,https://www.cnrfc.noaa.gov/reservoir.php?id=ANTC1,https://www.cnrfc.noaa.gov/ensembleProduct.php?id=ANTC1&prodID=3,https://www.cnrfc.noaa.gov/reservoirRelease.php?id=KWKC1,2026-05-26T16:34:33Z,IDs extracted from visible CNRFC Location block and intersected with BRIM CDEC-CNRFC station index.
XSAC1,SNN,FALSE,FALSE,FALSE,https://www.cnrfc.noaa.gov/obsRiver_hc.php?id=XSAC1,,,,https://www.cnrfc.noaa.gov/reservoir.php?id=ANTC1,https://www.cnrfc.noaa.gov/ensembleProduct.php?id=ANTC1&prodID=3,https://www.cnrfc.noaa.gov/reservoirRelease.php?id=KWKC1,2026-05-26T16:34:33Z,IDs extracted from visible CNRFC Location block and intersected with BRIM CDEC-CNRFC station index.
YTPC1,COY,FALSE,FALSE,FALSE,https://www.cnrfc.noaa.gov/obsRiver_hc.php?id=YTPC1,,,,https://www.cnrfc.noaa.gov/reservoir.php?id=ANTC1,https://www.cnrfc.noaa.gov/ensembleProduct.php?id=ANTC1&prodID=3,https://www.cnrfc.noaa.gov/reservoirRelease.php?id=KWKC1,2026-05-26T16:34:33Z,IDs extracted from visible CNRFC Location block and intersected with BRIM CDEC-CNRFC station index.
